timestamp,block_height,tx_count,mempool_size_mb,min_fee_rate,max_fee_rate,avg_fee_rate,median_fee_rate,fee_rate_10th,fee_rate_90th,fee_rate_std,block_time,difficulty,hash_rate,mempool_min_fee,total_fee,mempool_usage,transaction_count,block_weight,block_version,block_interval,block_median_fee_rate,time_since_last_block,mempool_fee_histogram,bitcoin_price_usd,predicted_fee_rate,absolute_error,percentage_error
1729479097,866632,36688,11.459879,1.0,25.4855,1.8807,1.7619,1.0,2.6899,1.256,1729479070,92049594548485.48,8.866638701853985e+20,1.0,17671162.0,74574384,3786,3993281,578158592,882.0,4.1,882.0,"[35538, 942, 39, 52, 49, 9, 2, 6, 1, 50]",68912.0,2.3460866924256143,1.7539133075743853,42.778373355472816
1729479309,866633,32316,10.749808,1.0,37.0455,1.6928,1.746,1.0,2.4225,0.7802,1729479333,92049594548485.48,8.957710798483869e+20,1.0,15236514.0,68606672,5687,3993364,601989120,263.0,3.0047,263.0,"[32175, 79, 17, 38, 4, 1, 1, 0, 0, 1]",68736.0,2.326704365006679,0.6779956349933212,22.564503444381174
1729479621,866634,32185,10.680225,1.0,32.3636,1.6465,1.746,1.0,2.2,0.6873,1729479605,92049594548485.48,9.03068881736178e+20,1.0,14936357.0,68311168,5870,3993079,704643072,272.0,3.1,272.0,"[32077, 33, 31, 32, 9, 0, 2, 0, 0, 1]",68779.0,2.439751879321174,0.6602481206788262,21.298326473510524
1729480024,866635,35384,11.153407,1.0,42.3636,1.6879,1.746,1.0,2.2868,0.731,1729479996,92049594548485.48,8.977203243644058e+20,1.0,15950979.0,72650992,5592,3993002,595107840,391.0,3.0,391.0,"[35300, 32, 38, 10, 1, 1, 0, 0, 0, 2]",68716.0,2.411794725919815,0.5882052740801851,19.606842469339504
1729480598,866636,39074,11.794378,1.0,132.3636,1.769,1.7464,1.0,2.5039,1.042,1729480588,92049594548485.48,8.894565646526954e+20,1.0,17460812.0,77954176,5503,3993238,626180096,592.0,3.3,592.0,"[39059, 11, 3, 0, 0, 0, 0, 0, 0, 1]",68612.0,2.379517866256877,0.920482133743123,27.893397992215853
1729481500,866637,42570,12.310772,1.0,132.3636,1.9025,1.7619,1.0,3.0,1.2656,1729481539,92049594548485.48,8.870617523701011e+20,1.0,19331721.0,82244624,4139,3993009,721502208,951.0,4.2692,951.0,"[42494, 73, 1, 1, 0, 0, 0, 0, 0, 1]",68770.0,2.354575307510006,1.9146246924899937,44.84738809355368
1729482853,866638,49423,13.990744,1.0,132.3636,2.285,1.7619,1.0005,4.0,1.904,1729482841,92049594548485.48,8.727185111292837e+20,1.0,26491309.0,93226064,4522,3993657,582852608,1302.0,6.2,1302.0,"[49311, 80, 15, 7, 9, 0, 0, 0, 0, 1]",68901.0,2.328379103657526,3.871620896342474,62.44549832810442
1729483116,866639,48158,13.874657,1.0,200.0,2.223,1.7619,1.0,3.5,1.9883,1729483075,92049594548485.48,8.695513875001854e+20,1.0,25572195.0,91828864,5528,3993438,643506176,234.0,6.0,234.0,"[48090, 58, 3, 5, 0, 0, 1, 0, 0, 1]",68842.0,2.3068061279679237,3.6931938720320763,61.55323120053461
1729483268,866640,45915,13.361818,1.0,132.3636,2.0632,1.7619,1.0,3.3,1.5365,1729483245,92049594548485.48,8.784062896132219e+20,1.0,22502951.0,88943008,4492,3993075,710713344,170.0,5.0775,170.0,"[45859, 47, 1, 1, 5, 0, 0, 1, 0, 1]",68907.0,1.9638356902957592,3.1136643097042405,61.32278305670587
1729484462,866641,48504,14.501679,1.0,630.6364,2.3926,1.7619,1.0001,4.0,4.2156,1729484454,92049594548485.48,8.690416856317797e+20,1.0,29857507.0,95105840,6558,3993516,642359296,1209.0,5.0,1209.0,"[48480, 5, 18, 0, 0, 0, 0, 0, 0, 1]",68854.0,1.945408105452753,3.054591894547247,61.091837890944944
1729484595,866642,45386,13.653158,1.0,132.3636,2.0481,1.7619,1.0,3.0308,1.6367,1729484563,92049594548485.48,8.696789064014173e+20,1.0,23268480.0,89786880,3517,3993728,776880128,109.0,6.0,109.0,"[45318, 48, 4, 12, 3, 0, 0, 0, 0, 1]",68854.0,1.927630140706014,4.072369859293986,67.8728309882331
1729485007,866643,43317,13.184653,1.0,132.3636,1.9104,1.7619,1.0,3.0,1.3294,1729484993,92049594548485.48,8.90190894117837e+20,1.0,20676699.0,86500288,3706,3993805,730939392,430.0,4.1159,430.0,"[43269, 41, 2, 1, 3, 0, 0, 0, 0, 1]",68757.0,1.9120030584755352,2.203896941524465,53.54593021026908
1729485440,866644,39465,12.726931,1.0,132.3636,1.7811,1.754,1.0,2.5039,1.2119,1729485424,92049594548485.48,8.837898642352064e+20,1.0,19272227.0,82014816,5332,3993358,536870912,431.0,3.3,431.0,"[39441, 19, 1, 2, 0, 0, 0, 0, 1, 1]",68819.0,1.8972239755478824,1.4027760244521175,42.508364377336896
1729485903,866645,38161,12.566262,1.0,132.3636,1.7235,1.746,1.0,2.4231,0.9627,1729485906,92049594548485.48,8.789921758996946e+20,1.0,18408332.0,80676544,3781,3993243,575070208,482.0,3.2,482.0,"[38150, 9, 1, 0, 0, 0, 0, 0, 0, 1]",68874.0,1.8840297107932389,1.3159702892067613,41.12407153771129
1729486006,866646,34009,11.721652,1.0,132.3636,1.6283,1.7302,1.0,2.0,1.1499,1729485977,92049594548485.48,8.8562112566754e+20,1.0,16223463.0,74334528,4753,3993090,783310848,71.0,2.5039,71.0,"[33988, 17, 1, 1, 0, 0, 1, 0, 0, 1]",68874.0,1.642064852388495,0.8618351476115047,34.4197111550583
1729486648,866647,34751,11.955962,1.0,132.3636,1.6887,1.746,1.0,2.0465,1.1099,1729486635,92049594548485.48,8.973807161611961e+20,1.0,16913907.0,75720416,5155,3993542,695033856,658.0,3.2,658.0,"[34725, 21, 3, 0, 1, 0, 0, 0, 0, 1]",68968.0,1.63095441038796,1.56904558961204,49.032674675376256
1729486680,866648,30379,11.010654,1.0,100.0938,1.6336,1.6905,1.0,1.8492,1.1908,1729486645,92049594548485.48,9.008397171178224e+20,1.0,14863273.0,68204272,4732,3993420,629047296,10.0,2.1008,10.0,"[30298, 73, 3, 2, 1, 1, 0, 0, 0, 1]",68968.0,1.6206540895533534,0.48014591044664656,22.855384160636262
1729486772,866649,26576,10.425817,1.0,14.623,1.529,1.6905,1.0,1.7619,0.5898,1729486766,92049594548485.48,9.162364561995e+20,1.0,13440273.0,63024960,5900,3993359,586702848,121.0,2.0,121.0,"[26230, 279, 6, 2, 22, 0, 3, 7, 19, 8]",68968.0,1.6113137085849836,0.3886862914150164,19.43431457075082
1729486984,866650,26827,10.539458,1.0,28.1256,1.5579,1.6905,1.0,1.7619,0.731,1729486975,92049594548485.48,9.187560266085076e+20,1.0,13797034.0,63597312,6175,3993783,537845760,209.0,2.0317,209.0,"[26716, 37, 24, 11, 22, 8, 5, 1, 2, 1]",69006.0,1.6026951024455514,0.4290048975544485,21.115563200986788
1729487567,866651,32842,11.577929,1.0,100.4739,1.6838,1.6905,1.0,2.2077,1.0566,1729487531,92049594548485.48,9.133612556458065e+20,1.0,16123487.0,72690384,4740,3992957,624115712,556.0,3.0317,556.0,"[32797, 40, 2, 1, 0, 0, 0, 0, 0, 2]",69127.0,1.5948507221749642,1.4368492778250357,47.394177452420614
1729487709,866652,29546,11.197979,1.0,40.0,1.6305,1.6905,1.0,2.0,0.805,1729487698,92049594548485.48,9.159534269443608e+20,1.0,15146781.0,68440656,7005,3993606,551755776,167.0,2.3,167.0,"[29441, 48, 13, 32, 4, 7, 0, 0, 0, 1]",68910.0,1.3751083514650242,0.9248916485349756,40.2126803710859
1729488031,866653,28054,10.986619,1.0,40.0,1.554,1.6905,1.0,1.8413,0.64,1729488024,92049594548485.48,9.154938771566152e+20,1.0,14432124.0,66584928,5779,3993639,704643072,326.0,2.8,326.0,"[27994, 24, 9, 25, 0, 0, 0, 1, 0, 1]",68963.0,1.3685244773982814,1.4314755226017184,51.12412580720424
1729488314,866654,28618,10.962527,1.0,28.7079,1.5628,1.6905,1.0,1.8571,0.618,1729488297,92049594548485.48,9.212179359613616e+20,1.0,14364028.0,66783008,4898,3993271,609345536,273.0,3.0273,273.0,"[28530, 21, 23, 16, 27, 0, 0, 0, 0, 1]",69050.0,1.3624780173518192,1.6648219826481807,54.99362410888187
1729488856,866655,30047,11.367625,1.0,492.7447,1.6411,1.6905,1.0,2.0,3.0587,1729488826,92049594548485.48,9.120969662983777e+20,1.0,15503006.0,69535984,5276,3993611,587956224,529.0,2.401,529.0,"[30045, 0, 0, 1, 0, 0, 0, 0, 0, 1]",69122.0,1.356954232627987,1.0440457673720127,43.483788728530314
1729489047,866656,27911,10.928126,1.0,23.1036,1.5574,1.6905,1.0,1.8217,0.6285,1729489042,92049594548485.48,9.119567057265078e+20,1.0,14273964.0,66095584,5098,3993426,638296064,216.0,2.3231,216.0,"[27600, 243, 7, 25, 7, 19, 7, 1, 1, 1]",69096.0,1.351887009155564,0.9712129908444362,41.806766426087385
1729489360,866657,30238,11.268714,1.0,60.0,1.618,1.6905,1.0,2.0,0.837,1729489329,92049594548485.48,9.095265461832392e+20,1.0,15163349.0,69008624,5883,3993631,602431488,287.0,2.6615,287.0,"[30149, 48, 35, 2, 1, 1, 1, 0, 0, 1]",69045.0,1.347253732378928,1.3142462676210722,49.379908608719596
1729489632,866658,31518,11.53016,1.0,48.6071,1.646,1.6905,1.0,2.0,0.8066,1729489602,92049594548485.48,9.11553696768438e+20,1.0,15625701.0,71430400,6444,3993642,570425344,273.0,3.0,273.0,"[31414, 53, 40, 2, 7, 0, 0, 1, 0, 1]",69048.0,1.4079238232530749,1.5920761767469251,53.069205891564174
1729490484,866659,32213,11.941538,1.0,99.9005,1.6863,1.6905,1.0,2.0077,1.4897,1729490474,92049594548485.48,9.012846691998352e+20,1.0,16722833.0,73781824,5428,3993422,838860800,872.0,4.2692,872.0,"[32157, 45, 4, 1, 0, 1, 0, 0, 0, 5]",68985.0,1.4040380672203063,2.865161932779693,67.11238482103657
1729490536,866660,27572,11.026228,1.0,113.0,1.5609,1.6905,1.0,1.7857,1.0125,1729490523,92049594548485.48,9.187382347065224e+20,1.0,14360676.0,66190496,4953,3993526,537812992,49.0,2.0079,49.0,"[27541, 28, 1, 0, 1, 0, 0, 0, 0, 1]",68985.0,1.4004774860687677,0.6074225139312321,30.251631751144586
1729490619,866661,23501,10.425286,1.0,83.7901,1.5147,1.5397,1.0,1.7619,0.8609,1729490592,92049594548485.48,9.184003194473288e+20,1.0,13223841.0,60834912,5777,3993188,764510208,69.0,1.8413,69.0,"[23464, 35, 1, 0, 0, 0, 0, 0, 0, 1]",68985.0,1.3972189461072588,0.4440810538927411,24.117800135379415
1729490691,866662,17445,9.714347,1.0,60.0,1.4169,1.5397,1.0,1.754,0.972,1729490672,92049594548485.48,9.18418098263742e+20,1.0,11992233.0,53490864,6887,3993515,538329088,80.0,1.7619,80.0,"[17361, 57, 22, 3, 0, 0, 0, 0, 0, 2]",68912.0,1.3942338881443517,0.36766611185564835,20.867592477192144
1729491262,866663,25447,11.033541,1.0,50.1597,1.5905,1.7302,1.0,2.0231,0.7223,1729491252,92049594548485.48,9.203779793588398e+20,1.0,14582459.0,64738048,2396,3998116,536928256,580.0,4.0,580.0,"[25386, 29, 28, 1, 2, 0, 0, 0, 0, 1]",68987.0,1.391501477652285,2.6084985223477153,65.21246305869288
1729491334,866664,21452,10.323173,1.0,150.0,1.5008,1.5397,1.0,1.9062,1.2855,1729491314,92049594548485.48,9.42970339124068e+20,1.0,13014719.0,59014944,5505,3993219,719028224,62.0,2.099,62.0,"[21446, 3, 1, 1, 0, 0, 0, 0, 0, 1]",68949.0,1.2675031964778312,0.831496803522169,39.61394966756403
1729492607,866667,31392,12.457284,1.0,134.2969,1.8652,1.754,1.0,2.8062,1.2894,1729492594,92049594548485.48,9.290289952809078e+20,1.0,19479983.0,75037008,2728,3992827,537870336,1222.0,6.0615,1222.0,"[31374, 11, 5, 1, 0, 0, 0, 0, 0, 1]",69095.0,1.2611926397493936,4.800307360250606,79.1933904190482
1729493610,866668,38663,14.112775,1.0,65.0469,1.9853,1.7619,1.0,3.0,1.3337,1729493644,92049594548485.48,9.17796248974892e+20,1.0,24416939.0,86622544,2316,3993270,541884416,1050.0,6.5328,1050.0,"[38557, 76, 6, 8, 1, 3, 8, 2, 1, 1]",69041.0,1.2594333476539916,5.2733666523460085,80.72138520000625
1729493882,866669,39122,13.881472,1.0,49.6479,1.9501,1.7619,1.0,2.9979,1.1325,1729493848,92049594548485.48,9.198069699298188e+20,1.0,22637109.0,86354240,2680,3993375,771751936,204.0,6.0,204.0,"[38574, 499, 29, 2, 1, 11, 2, 1, 1, 2]",68904.0,1.2578225384634054,4.742177461536595,79.03629102560991
1729494805,866670,39924,14.478988,1.0,200.0,1.9672,1.7619,1.0,3.0,1.5206,1729494778,92049594548485.48,9.099277642841272e+20,1.0,24714940.0,89399456,2704,3998160,667828224,930.0,6.2287,930.0,"[39908, 11, 4, 0, 0, 0, 0, 0, 0, 1]",68673.0,1.1726099794659643,5.056090020534036,81.17408159863272
1729495057,866671,38962,13.93795,1.0,48.8727,1.8968,1.7619,1.0,2.8062,1.0244,1729495036,92049594548485.48,9.187738191996071e+20,1.0,21819192.0,86649648,1876,3993258,616538112,258.0,5.0,258.0,"[38816, 90, 31, 3, 12, 4, 2, 2, 0, 2]",68716.0,1.1712593606278734,3.8287406393721266,76.57481278744254
1729495119,866672,36199,13.124874,1.0,38.8235,1.7561,1.7619,1.0,2.3023,0.6712,1729495133,92049594548485.48,9.186848631348538e+20,1.0,18919758.0,81435760,3029,3993464,548208640,97.0,3.7127,97.0,"[36130, 35, 10, 20, 1, 2, 0, 0, 0, 1]",68716.0,1.170022583650039,2.542677416349961,68.485937898294
1729495361,866673,35375,12.894424,1.0,100.0,1.7407,1.7619,1.0,2.3,0.8831,1729495318,92049594548485.48,9.180804184149336e+20,1.0,17854571.0,79819776,4111,3993290,543031296,185.0,3.0077,185.0,"[35334, 37, 3, 0, 0, 0, 0, 0, 0, 1]",68672.0,1.168890133067262,1.8388098669327377,61.13674458665219
1729496604,866674,45504,14.789891,1.0,60.0,2.0162,1.7619,1.0001,3.0,0.9561,1729496584,92049594548485.48,8.964142409449243e+20,1.0,23818035.0,94408304,3765,3993413,538574848,1266.0,5.6434,1266.0,"[45379, 82, 37, 5, 0, 0, 0, 0, 0, 1]",68644.0,1.1678531508498091,4.475546849150191,79.30585904153862
1729497787,866675,48392,15.291273,1.0,100.0,2.0967,1.8413,1.0011,3.1,1.1131,1729497769,92049594548485.48,8.791387696101198e+20,1.0,25530573.0,98416496,3227,3993260,627810304,1185.0,6.0333,1185.0,"[48283, 104, 3, 0, 1, 0, 0, 0, 0, 1]",68495.0,1.1669036303967246,4.866396369603275,80.65894899314264
1729498450,866676,48906,15.194623,1.0,100.0,2.0676,1.8413,1.0011,3.0231,1.1068,1729498406,92049594548485.48,8.740047106224921e+20,1.0,24681653.0,98540480,3737,3993273,537673728,637.0,4.8986,637.0,"[48791, 108, 3, 1, 2, 0, 0, 0, 0, 1]",68606.0,0.6248077363405797,4.27379226365942,87.2451774723272
1729498472,866677,43467,14.218006,1.0,89.7756,1.9022,1.7619,1.0,2.8217,0.924,1729498441,92049594548485.48,8.767829181668844e+20,1.0,21202974.0,90802064,5536,3993007,694976512,35.0,3.2,35.0,"[43424, 34, 7, 1, 0, 2, 0, 0, 0, 1]",68606.0,0.6240115980244392,2.575988401975561,80.49963756173628
1729498654,866678,39944,13.694865,1.0,70.3153,1.8108,1.7619,1.0,2.4264,0.8514,1729498608,92049594548485.48,8.899571123451972e+20,1.0,19699969.0,86219344,6421,3993089,805371904,167.0,3.0231,167.0,"[39873, 62, 4, 2, 0, 0, 0, 2, 0, 1]",68549.0,0.6232825871395089,2.399817412860491,79.38266722438858
1729498798,866680,30942,12.301313,1.0,24.1076,1.6077,1.754,1.0,2.0079,0.5668,1729498790,92049594548485.48,9.04032540673605e+20,1.0,16111617.0,74343664,6605,3992835,779919364,182.0,2.3077,182.0,"[30872, 15, 21, 6, 6, 19, 0, 1, 1, 1]",68549.0,0.6220038088466846,1.6856961911533155,73.04659146133879
1729499770,866681,44655,14.318505,1.0,300.0,2.0984,1.7619,1.0,3.0308,4.8887,1729499760,92049594548485.48,8.984683679647397e+20,1.0,22751697.0,91974032,3651,3993409,605741056,970.0,5.0,970.0,"[44634, 6, 1, 2, 0, 0, 0, 1, 1, 10]",68439.0,0.6214441085595841,4.378555891440416,87.57111782880833
1729501279,866682,49908,19.86793,1.0,252.6879,2.176,1.8413,1.0011,3.2016,1.6464,1729501264,92049594548485.48,8.764751556838316e+20,1.0,39734989.0,124674448,4088,3993429,973078528,1504.0,6.9444,1504.0,"[49895, 12, 0, 0, 0, 0, 0, 0, 0, 1]",68306.0,0.7214906867887801,6.22290931321122,89.61046761723432
1729501601,866683,49030,19.468586,1.0,122.0727,2.1174,1.7619,1.0005,3.155,1.3817,1729501572,92049594548485.48,8.758926188869217e+20,1.0,37448120.0,123076064,3048,3993675,564715520,308.0,4.9841,308.0,"[48952, 58, 14, 3, 1, 1, 0, 0, 0, 1]",68234.0,0.7210213996405986,4.2630786003594014,85.53356875583158
1729502286,866684,48771,19.489093,1.0,200.8252,2.0867,1.7619,1.0005,3.1008,1.4251,1729502257,92049594548485.48,8.690257670765504e+20,1.0,37235544.0,122930224,3936,3993290,939524096,685.0,4.9685,685.0,"[48735, 34, 1, 0, 0, 0, 0, 0, 0, 1]",68379.0,0.7205916841281489,4.247908315871851,85.4967961330754
1729502339,866685,42665,18.538474,1.0,90.2655,1.9173,1.7619,1.0,3.0,1.1062,1729502317,92049594548485.48,8.742624055948497e+20,1.0,33997391.0,114797824,6340,3993165,537034752,60.0,3.2016,60.0,"[42585, 68, 3, 2, 5, 0, 1, 0, 0, 1]",68379.0,0.7201982050321524,2.4814017949678475,77.50505356596226
1729503132,866686,47726,19.343757,1.0,40.0,2.0858,1.7619,1.0,3.1,1.1473,1729503118,92049594548485.48,8.791550608185107e+20,1.0,36806748.0,121524544,4460,3993744,538091520,801.0,5.0,801.0,"[47457, 113, 36, 33, 83, 1, 2, 0, 0, 1]",68294.0,0.7198379055267957,4.280162094473204,85.60324188946409
1729503285,866687,43274,18.702671,1.0,31.7225,1.9379,1.7619,1.0,3.0308,0.9196,1729503269,92049594548485.48,8.843499860571908e+20,1.0,34428261.0,115770512,6362,3993662,806969344,151.0,3.5,151.0,"[42998, 139, 67, 39, 14, 8, 4, 3, 1, 1]",68294.0,0.7195079886059642,2.7804920113940357,79.44262889697245
1729503888,866688,45103,18.954993,1.0,50.0,1.9758,1.7619,1.0,3.0615,0.9117,1729503874,92049594548485.48,8.934767830281195e+20,1.0,35077275.0,118040288,3955,3993237,783998976,605.0,4.5132,605.0,"[44957, 86, 44, 13, 1, 0, 1, 0, 0, 1]",68201.0,0.8133084604932627,3.6998915395067375,81.97933926054102
1729505101,866689,48919,18.705255,1.0,80.8377,2.1487,1.7619,1.0,3.2615,1.1996,1729505076,92049594548485.48,8.91194208735045e+20,1.0,37121407.0,119230816,4412,3993767,543162368,1202.0,5.4982,1202.0,"[48764, 119, 29, 1, 4, 0, 1, 0, 0, 1]",68316.0,0.813031838015649,4.68516816198435,85.21276348594724
1729506157,866690,52387,19.532244,1.0,124.9504,2.3,1.8571,1.0058,3.5,1.4321,1729506151,92049594548485.48,8.751009647325436e+20,1.0,40696339.0,124768480,2654,3993792,704643072,1075.0,7.0973,1075.0,"[52305, 70, 8, 3, 0, 0, 0, 0, 0, 1]",68413.0,0.8127785415694356,6.284521458430564,88.54805994435299
1729506669,866691,51286,19.253795,1.0,67.7618,2.252,1.8413,1.0044,3.5,1.2969,1729506635,92049594548485.48,8.751655359160694e+20,1.0,39437042.0,123333920,3365,3993395,538165248,484.0,5.0,484.0,"[51043, 173, 58, 3, 3, 5, 0, 0, 0, 1]",68349.0,0.8125466044211301,4.18745339557887,83.74906791157738
1729507462,866692,52677,19.492328,1.0,44.2365,2.2965,1.8976,1.0058,3.5,1.3599,1729507456,92049594548485.48,8.719966861251331e+20,1.0,40223364.0,124972256,3256,3993521,973078528,821.0,6.0,821.0,"[52381, 107, 85, 29, 57, 4, 5, 3, 3, 3]",68399.0,0.8123342252825393,5.187665774717461,86.46109624529102
1729507695,866693,48564,18.740385,1.0,40.2909,2.1352,1.7619,1.0,3.3,1.1039,1729507654,92049594548485.48,8.727827311897075e+20,1.0,37014966.0,119154144,5167,3998050,738197504,198.0,4.2192,198.0,"[48242, 154, 83, 69, 9, 1, 2, 0, 0, 4]",68313.0,0.8121397550467563,3.4070602449532434,80.75133307151222
1729508128,866694,48258,18.619539,1.0,200.0,2.1105,1.7619,1.0,3.2,1.4091,1729508115,92049594548485.48,8.661698957882555e+20,1.0,36431445.0,118515584,5296,3993091,771751936,461.0,5.0,461.0,"[48249, 8, 0, 0, 0, 0, 0, 0, 0, 1]",68315.0,0.9192442793465394,4.08075572065346,81.61511441306921
1729509361,866695,52987,19.732331,1.0,97.9167,2.2874,1.9457,1.0058,3.5,1.4497,1729509352,92049594548485.48,8.488285211123258e+20,1.0,41148069.0,126573024,3748,3993048,791609344,1237.0,6.0645,1237.0,"[52826, 100, 44, 13, 2, 1, 0, 0, 0, 1]",68355.0,0.9190812236572226,5.145418776342777,84.84489696335686
1729510065,866696,53401,19.766314,1.0,135.0,2.3051,1.9922,1.0065,3.5,1.5623,1729510031,92049594548485.48,8.531022747250615e+20,1.0,41051122.0,126799536,3068,3993445,704643072,679.0,5.9362,679.0,"[53300, 78, 21, 0, 0, 0, 1, 0, 0, 1]",68334.0,0.9189319176057602,5.01726808239424,84.51986257865705
1729510158,866697,49194,18.993697,1.0,45.1128,2.1505,1.7619,1.0,3.305,1.1044,1729510181,92049594548485.48,8.584121680178424e+20,1.0,37692489.0,120806768,5668,3997820,769581056,150.0,4.0,150.0,"[48995, 105, 49, 28, 7, 2, 1, 3, 3, 1]",68334.0,0.9187952017876736,3.0812047982123265,77.03011995530817
1729510410,866698,47063,18.591309,1.0,167.5,2.0844,1.7619,1.0,3.2,1.2279,1729510392,92049594548485.48,8.591427844843468e+20,1.0,36183624.0,117712400,5195,3993755,536870912,211.0,4.0,211.0,"[47053, 8, 1, 0, 0, 0, 0, 0, 0, 1]",68327.0,0.9186700145091856,3.0813299854908145,77.03324963727036
1729510963,866699,53921,19.667056,1.0,46.5909,2.4307,2.0,1.0083,4.0,1.4318,1729510953,92049594548485.48,8.508226843494578e+20,1.0,41316561.0,126751664,6593,3992955,704643072,561.0,5.3077,561.0,"[52674, 1148, 46, 17, 5, 29, 0, 0, 1, 1]",68281.0,0.9185553836441008,4.389144616355899,82.69390915756163
1729511218,866700,54750,19.800207,1.0,100.0,2.5886,2.0,1.0104,4.4031,2.0728,1729511193,92049594548485.48,8.471914946787521e+20,1.0,42960354.0,127837904,7016,3993725,771751936,240.0,6.1232,240.0,"[54249, 420, 49, 19, 9, 2, 1, 0, 0, 1]",68253.0,1.139935965484625,4.983264034515375,81.38332954199397
1729511592,866701,60655,20.740218,1.0,179.578,3.3203,2.1,1.016,6.3,5.3911,1729511571,92049594548485.48,8.455155620468378e+20,1.0,52607083.0,135586832,6676,3993270,825499648,378.0,11.0,378.0,"[60371, 94, 22, 51, 48, 33, 16, 8, 10, 2]",68169.0,1.1398398519892703,9.86016014801073,89.63781952737027
1729513273,866702,74672,23.738025,1.0,1530.7746,9.0745,3.0,1.1925,16.0,43.2964,1729513248,92049594548485.48,8.377666202014853e+20,1.0,150233832.0,158024976,6989,3993285,615194624,1677.0,15.0,1677.0,"[74219, 212, 78, 54, 39, 28, 11, 18, 6, 7]",68235.0,1.1397518432533666,13.860248156746634,92.4016543783109
1729514388,866703,71593,23.754506,1.0,569.4688,6.1806,2.8605,1.1231,13.0,17.8369,1729514380,92049594548485.48,8.266867117742096e+20,1.0,106436440.0,155702224,5673,3993395,536920064,1132.0,18.0,1132.0,"[71084, 160, 179, 84, 18, 18, 23, 4, 10, 13]",68271.0,1.1396712558483415,16.86032874415166,93.66849302306477
1729514421,866704,65630,22.779848,1.0,428.2364,3.9973,2.3,1.0361,8.0,7.005,1729514414,92049594548485.48,8.299986651856213e+20,1.0,72222562.0,147866560,6049,3993078,626352128,34.0,19.0,34.0,"[65482, 61, 45, 28, 10, 2, 0, 0, 1, 1]",68271.0,1.1395974639678306,17.86040253603217,94.00211861069563
1729514876,866705,61701,22.312088,1.0,428.2364,3.1608,2.1163,1.0265,6.3,3.6024,1729514860,92049594548485.48,8.26744335662806e+20,1.0,61819236.0,143007024,5364,3997834,547356672,446.0,16.0,446.0,"[61670, 18, 10, 2, 0, 0, 0, 0, 0, 1]",68057.0,1.1395298945821908,14.860470105417809,92.87793815886131
1729515209,866706,59856,21.806268,1.0,151.8909,2.8674,2.098,1.018,5.1641,2.4166,1729515207,92049594548485.48,8.377518267735006e+20,1.0,54689815.0,138278080,3259,3993013,537198592,347.0,13.0,347.0,"[59762, 48, 24, 11, 7, 1, 0, 1, 1, 1]",68071.0,2.152276644532913,10.847723355467087,83.44402581128529
1729515653,866707,59166,21.572814,1.0,181.8182,2.7124,2.0,1.0104,5.0474,2.6214,1729515611,92049594548485.48,8.377518267735006e+20,1.0,50476066.0,136952288,3053,3993380,619012096,404.0,9.305,404.0,"[59069, 50, 28, 11, 2, 0, 4, 0, 1, 1]",68164.0,2.1522199902472035,7.152780009752796,76.87028489793441
1729516037,866708,59899,21.913407,1.0,151.8909,2.3668,1.8413,1.0104,4.0,1.9284,1729516009,92049594548485.48,8.324599270412892e+20,1.0,47441326.0,136851792,5007,3998051,549453824,398.0,6.971,398.0,"[59824, 30, 28, 11, 3, 0, 0, 2, 0, 1]",68189.0,2.1521681133288175,4.818831886671182,69.1268381390214
1729516090,866709,55684,20.988429,1.0,104.7818,2.169,1.7619,1.0104,3.5,1.8235,1729516151,92049594548485.48,8.466321127471156e+20,1.0,42756467.0,130320896,4435,3993278,556392448,142.0,5.1,142.0,"[55579, 62, 10, 2, 17, 2, 7, 2, 1, 2]",68189.0,2.152120610927311,2.9478793890726886,57.801556648484095
1729516305,866710,53423,20.366184,1.0,76.5766,2.0507,1.7619,1.0065,3.2231,1.34,1729516288,92049594548485.48,8.47433618569772e+20,1.0,39620956.0,126693184,3597,3997931,554524672,137.0,4.4031,137.0,"[53336, 61, 10, 1, 0, 1, 8, 1, 2, 3]",68035.0,2.15207711416147,2.2510228858385304,51.12359214731735
1729517448,866711,58994,21.837451,1.0,106.1786,2.3039,1.8413,1.0104,3.7054,1.7979,1729517416,92049594548485.48,8.404528636824411e+20,1.0,44906978.0,136210288,2988,3993053,679272448,1128.0,9.2342,1128.0,"[58854, 84, 27, 5, 17, 3, 3, 0, 0, 1]",67781.0,2.152037285256748,7.0821627147432515,76.69492446279322
1729517840,866712,58506,21.806709,1.0,64.2091,2.226,1.776,1.0104,3.6047,1.523,1729517829,92049594548485.48,8.429017269611818e+20,1.0,43831539.0,135880128,4639,3993146,872415232,413.0,5.9767,413.0,"[58302, 101, 44, 11, 28, 4, 10, 1, 2, 3]",67731.0,2.383104372172514,3.593595627827486,60.126752686724885
1729518224,866713,59091,21.967294,1.0,135.0,2.2391,1.8413,1.0104,3.6012,1.6367,1729518214,92049594548485.48,8.424826186139988e+20,1.0,44300052.0,136894096,5232,3993307,570425344,385.0,5.0538,385.0,"[59000, 43, 32, 11, 3, 1, 0, 0, 0, 1]",67589.0,2.383070977194567,2.670729022805433,52.84595794858191
1729518797,866714,62044,22.434917,1.0,64.2091,2.3714,1.9603,1.0104,4.0,1.6717,1729518787,92049594548485.48,8.369094641195688e+20,1.0,46849664.0,141796544,4737,3992875,609812480,573.0,6.0243,573.0,"[61804, 106, 42, 42, 31, 3, 2, 11, 0, 3]",67578.0,2.3830403982451664,3.6412596017548338,60.44286642024523
1729518831,866715,56635,21.517778,1.0,150.0,2.1862,1.7619,1.0104,3.5,1.5519,1729518804,92049594548485.48,8.44116498861471e+20,1.0,42725529.0,133360736,5943,3993417,537337856,17.0,4.3,17.0,"[56580, 42, 6, 2, 4, 0, 0, 0, 0, 1]",67578.0,2.383012397863041,1.9169876021369587,44.581107026440904
1729519054,866716,54534,21.295635,1.0,72.7941,2.1244,1.7619,1.0088,3.4,1.3362,1729519016,92049594548485.48,8.421984609460008e+20,1.0,41858775.0,131077760,6402,3993500,560062464,212.0,4.2016,212.0,"[54387, 96, 34, 7, 3, 1, 1, 1, 3, 1]",67125.0,2.3829867586106657,1.8186132413893343,43.28382619452909
1729519158,866717,51784,20.670889,1.0,264.9735,2.0004,1.7619,1.0052,3.2,1.5254,1729519144,92049594548485.48,8.533170923776056e+20,1.0,39165276.0,126586960,4847,3993435,660611072,128.0,4.0,128.0,"[51782, 0, 1, 0, 0, 0, 0, 0, 0, 1]",67125.0,2.382963281386027,1.617036718613973,40.42591796534932
1729519391,866718,52038,20.776505,1.0,63.0631,2.0287,1.7619,1.0046,3.2,1.147,1729519366,92049594548485.48,8.52581024727925e+20,1.0,39847305.0,127116800,5973,3992914,650297344,222.0,4.1,222.0,"[51874, 101, 41, 18, 2, 0, 0, 1, 0, 1]",67329.0,2.597075577137218,1.5029244228627818,36.65669324055566
1729520496,866719,69759,24.016802,1.0,150.7696,3.3618,2.0538,1.0104,7.0853,4.1836,1729520498,92049594548485.48,8.520145053608842e+20,1.0,62243417.0,152895088,5908,3993229,640524288,1132.0,10.2,1132.0,"[69515, 107, 45, 21, 20, 27, 10, 6, 0, 8]",67294.0,2.597055892403123,7.602944107596876,74.538667721538
1729520770,866720,66235,23.59888,1.0,136.1986,2.8933,2.0,1.0104,6.0,2.6848,1729520746,92049594548485.48,8.551320061645659e+20,1.0,55790089.0,148484448,6398,3993225,595492864,248.0,11.0,248.0,"[66011, 179, 20, 9, 8, 3, 2, 2, 0, 1]",67478.0,2.5970378675825048,8.402962132417496,76.39056484015906
1729521244,866721,66301,23.766351,1.0,105.3812,2.7751,2.0,1.0104,5.9767,2.4431,1729521234,92049594548485.48,8.478273652026541e+20,1.0,55471120.0,148905248,5885,3993219,543162368,488.0,11.0,488.0,"[66099, 130, 27, 18, 9, 3, 10, 1, 1, 3]",67362.0,2.597021362703316,8.402978637296684,76.3907148845153
1729521678,866722,65691,23.976512,1.0,181.8182,2.7041,2.0,1.0104,5.0673,2.3293,1729521646,92049594548485.48,8.544235799807319e+20,1.0,56069882.0,149188400,5490,3993164,556605440,412.0,9.0367,412.0,"[65628, 42, 7, 11, 1, 0, 0, 1, 0, 1]",67196.0,2.5970062495966193,6.43969375040338,71.26156396033265
1729521681,866723,62408,22.982811,1.0,129.5273,2.4355,1.8413,1.0104,4.1008,1.7761,1729521676,92049594548485.48,8.559188096846437e+20,1.0,48343267.0,143190016,3324,3993354,737148928,30.0,8.0,30.0,"[62313, 71, 13, 3, 4, 2, 1, 0, 0, 1]",67196.0,2.596992410901328,5.403007589098673,67.5375948637334
1729522054,866724,62766,23.073465,1.0,129.5273,2.45,1.8492,1.0104,4.1163,1.742,1729522039,92049594548485.48,8.522593942912338e+20,1.0,48871360.0,143804208,4469,3993463,728539136,363.0,8.0,363.0,"[62669, 74, 17, 1, 1, 2, 1, 0, 0, 1]",67115.0,2.5636594362423057,5.436340563757694,67.95425704697118
1729526121,866725,84224,29.958758,1.0,433.0811,3.7789,2.1163,1.0104,9.0567,4.246,1729526088,92049594548485.48,8.091609309252646e+20,1.0,93496097.0,180952864,3689,3993237,588660736,4049.0,20.1188,4049.0,"[84165, 56, 1, 1, 0, 0, 0, 0, 0, 1]",66998.0,2.563647833037873,17.555152166962127,87.25745157247017
1729526196,866726,81281,29.053186,1.0,600.0818,3.3686,2.1,1.0104,7.2462,4.1606,1729526184,92049594548485.48,8.08609280440587e+20,1.0,80159119.0,175246240,3341,3993530,677707776,96.0,14.6939,96.0,"[81244, 35, 0, 0, 0, 0, 0, 1, 0, 1]",66998.0,2.563637208272639,12.130262791727361,82.55305120987187
1729526490,866727,78671,28.604338,1.0,150.0,3.0909,2.0,1.0104,6.2462,2.9211,1729526455,92049594548485.48,8.153491965904775e+20,1.0,73994005.0,171756880,4261,3993558,536977408,271.0,12.0,271.0,"[78420, 194, 22, 14, 16, 1, 0, 0, 3, 1]",66964.0,2.563627479439807,9.436372520560193,78.63643767133493
1729526604,866728,75703,28.001339,1.0,129.8273,2.8216,2.0,1.0104,6.0,2.5545,1729526598,92049594548485.48,8.239301801290376e+20,1.0,67906739.0,167341632,4751,3993528,769744896,143.0,10.0,143.0,"[75477, 168, 27, 9, 0, 16, 1, 2, 0, 3]",67294.0,2.5636185709899526,7.436381429010048,74.36381429010048
1729527829,866729,80223,29.77457,1.0,129.8273,3.1184,2.0065,1.0104,6.5,3.2074,1729527811,92049594548485.48,8.153491965904775e+20,1.0,76818017.0,177666832,4228,3993619,829349888,1213.0,13.6852,1213.0,"[79929, 165, 33, 45, 4, 27, 16, 2, 0, 2]",67053.0,2.563610413744355,11.121589586255645,81.2672784194286
1729528222,866730,77165,29.474462,1.0,129.8273,2.8874,2.0,1.0104,6.0,2.7433,1729528212,92049594548485.48,8.142716549157304e+20,1.0,73313648.0,174481472,5391,3993611,584400896,401.0,9.4,401.0,"[76932, 147, 34, 28, 1, 17, 1, 2, 0, 3]",66980.0,2.74453104329057,6.655468956709431,70.80286124158968
1729529098,866731,78421,29.978844,1.0,128.2182,2.9498,2.0,1.0104,6.0615,2.8126,1729529056,92049594548485.48,8.057664651575284e+20,1.0,75944495.0,177105072,3192,3993164,627990528,844.0,12.539,844.0,"[78154, 158, 48, 21, 18, 18, 1, 1, 0, 2]",67018.0,2.7445242037593656,9.794475796240635,78.11209662844433
1729529444,866732,76307,29.569322,1.0,128.3636,2.7935,2.0,1.0104,6.0,2.7021,1729529428,92049594548485.48,8.085128189302837e+20,1.0,72145237.0,174034320,4653,3993279,540205056,372.0,9.0,372.0,"[76086, 110, 44, 38, 6, 18, 0, 2, 0, 3]",67141.0,2.744517940971032,6.255482059028968,69.50535621143298
1729529688,866733,74987,28.9009,1.0,128.3636,2.6825,1.938,1.0104,5.3378,2.3974,1729529701,92049594548485.48,8.056022771223126e+20,1.0,66322833.0,171384544,2627,3993231,574218240,273.0,8.0769,273.0,"[74830, 97, 12, 25, 3, 17, 0, 1, 0, 2]",67134.0,2.744512206291778,5.332387793708222,66.02022797989602
1729531063,866734,76819,29.627395,1.0,100.0,2.812,2.0,1.0104,6.0,2.5244,1729531052,92049594548485.48,8.019392106492582e+20,1.0,72656009.0,175759168,3479,3993494,601989120,1351.0,13.0,1351.0,"[76479, 245, 35, 8, 3, 30, 18, 0, 0, 1]",67424.0,2.744506955188851,10.25549304481115,78.88840803700884
1729531187,866735,75064,28.812028,1.0,150.6148,2.6774,1.9457,1.0104,5.2385,2.3362,1729531162,92049594548485.48,8.128625666411397e+20,1.0,65584820.0,170847200,2563,3993487,598376448,110.0,9.0,110.0,"[74932, 94, 8, 9, 18, 0, 2, 0, 0, 1]",67424.0,2.74450214688472,6.25549785311528,69.50553170128089
1729532321,866736,76541,29.261407,1.0,314.0,2.75,2.0,1.0104,5.9193,2.653,1729532307,92049594548485.48,7.996279129293306e+20,1.0,68346351.0,173556016,3608,3993388,536870912,1145.0,12.0,1145.0,"[76502, 17, 17, 2, 2, 0, 0, 0, 0, 1]",67483.0,2.8814987324399377,9.118501267560063,75.98751056300053
1729532626,866737,74361,29.076078,1.0,314.0,2.5961,1.8571,1.0104,5.0,2.4655,1729532604,92049594548485.48,7.972227138633863e+20,1.0,64489814.0,171794592,3962,3993619,1073676288,297.0,8.0,297.0,"[74337, 12, 6, 5, 1, 0, 0, 0, 0, 1]",67569.0,2.881494700865094,5.118505299134906,63.98131623918633
1729533773,866738,76964,29.905406,1.0,362.1455,2.7145,2.0,1.0104,5.3538,2.8604,1729533718,92049594548485.48,7.891469203082239e+20,1.0,68477935.0,177007392,3572,3997941,643833856,1114.0,11.0,1114.0,"[76943, 13, 2, 2, 2, 0, 0, 0, 1, 1]",67577.0,2.881491009252447,8.118508990747554,73.80462718861412
1729534469,866739,76744,29.773091,1.0,314.0,2.6717,2.0,1.0104,5.2541,2.3847,1729534456,92049594548485.48,7.812073720074118e+20,1.0,66769627.0,176539680,2998,3993754,672636928,738.0,10.0478,738.0,"[76726, 8, 5, 3, 1, 0, 0, 0, 0, 1]",67275.0,2.8814876289347136,7.1663123710652865,71.32220357755216
1729534923,866740,76883,29.855095,1.0,314.0,2.6853,2.0,1.0104,5.3,2.447,1729534900,92049594548485.48,7.767563394677317e+20,1.0,67315628.0,176925920,5739,3993778,851550208,444.0,8.0,444.0,"[76860, 10, 9, 2, 1, 0, 0, 0, 0, 1]",67258.0,2.881484533661978,5.118515466338022,63.98144332922527
1729535857,866741,80813,30.58611,1.0,314.0,2.7804,2.0048,1.0104,5.5,2.5025,1729535848,92049594548485.48,7.778005722016217e+20,1.0,70846170.0,182434864,3282,3993311,637534208,948.0,10.9078,948.0,"[80792, 7, 9, 2, 1, 0, 1, 0, 0, 1]",67128.0,2.881481699397846,8.026318300602155,73.58329177838019
1729536142,866742,79673,30.2302,1.0,314.0,2.6782,2.0,1.0104,5.0,2.2383,1729536121,92049594548485.48,7.840865305172974e+20,1.0,67834443.0,180348080,3999,3993194,1040187392,273.0,7.9574,273.0,"[79655, 8, 7, 2, 0, 0, 0, 0, 0, 1]",67179.0,3.055588727600511,4.901811272399488,61.6006644431534
1729536397,866743,80555,30.438716,1.0,314.0,2.727,2.0,1.0104,5.3,2.2985,1729536369,92049594548485.48,7.834132614807067e+20,1.0,69458365.0,181671008,6310,3993498,536920064,248.0,10.0,248.0,"[80533, 12, 7, 2, 0, 0, 0, 0, 0, 1]",67198.0,3.0555863511809536,6.944413648819046,69.44413648819047
1729538254,866744,103023,33.990712,1.0,314.0,4.3135,3.0308,1.0133,10.0,4.0379,1729538227,92049594548485.48,7.649831291239659e+20,1.0,104393930.0,211420576,3740,3993102,715399168,1858.0,14.1,1858.0,"[102965, 24, 9, 23, 1, 0, 0, 0, 0, 1]",67467.0,3.0555841751527675,11.044415824847231,78.32919024714349
1729538761,866745,101544,33.739067,1.0,314.0,4.2024,3.0112,1.0133,10.0,3.6899,1729538736,92049594548485.48,7.588528879542238e+20,1.0,100767220.0,209361472,4487,3993436,872415232,509.0,12.0,509.0,"[101514, 13, 9, 5, 1, 1, 0, 0, 0, 1]",67503.0,3.055582182617968,8.944417817382032,74.53681514485027
1729539107,866746,99562,33.786961,1.0,314.0,4.0667,3.0,1.0106,10.0,3.5159,1729539083,92049594548485.48,7.592172014596188e+20,1.0,97758465.0,208301344,5375,3993778,703471616,347.0,11.0,347.0,"[99538, 12, 7, 4, 0, 0, 0, 0, 0, 1]",67536.0,3.0555803581034917,7.944419641896508,72.22199674451372
1729539211,866747,94399,33.122148,1.0,314.0,3.7588,2.7308,1.0104,10.0,3.3712,1729539170,92049594548485.48,7.6560036957801e+20,1.0,91263662.0,201981312,7037,3993451,655376384,87.0,10.0,87.0,"[94374, 12, 9, 4, 0, 0, 0, 0, 0, 1]",67603.0,3.0555786874410393,6.94442131255896,69.4442131255896
1729540116,866748,97315,33.678074,1.0,314.0,3.9603,3.0,1.0104,10.0,3.6138,1729540101,92049594548485.48,7.546522611546617e+20,1.0,96964982.0,206042592,5231,3993436,585211904,931.0,12.0,931.0,"[97272, 24, 13, 5, 0, 0, 0, 0, 0, 1]",67581.0,2.4321671912043397,9.56783280879566,79.73194007329717
1729540251,866749,93221,33.17253,1.0,314.0,3.6783,2.5538,1.0104,10.0,3.3616,1729540219,92049594548485.48,7.54064525748778e+20,1.0,91139436.0,201164480,6920,3993556,599392256,118.0,10.2,118.0,"[93185, 23, 8, 4, 0, 0, 0, 0, 0, 1]",67581.0,2.432165790419254,7.767834209580745,76.15523734883084
1729541137,866750,102205,34.791807,1.0,843.0902,4.3427,3.0174,1.0133,10.0,5.1104,1729541103,92049594548485.48,7.4430466578827e+20,1.0,108894207.0,213417664,5832,3993718,551550976,884.0,14.1385,884.0,"[102182, 15, 5, 2, 0, 0, 0, 0, 0, 1]",67679.0,2.432164507755248,11.706335492244753,82.79757748166179
1729541233,866751,98434,34.183561,1.0,314.0,4.0596,3.0,1.0106,10.0,3.7532,1729541217,92049594548485.48,7.527126196197007e+20,1.0,101325950.0,208438368,6469,3993602,622723072,114.0,12.0,114.0,"[98389, 30, 6, 5, 1, 2, 0, 0, 0, 1]",67679.0,2.432163333251772,9.567836666748228,79.7319722229019
1729542279,866752,107947,35.94286,1.0,314.0,4.8525,3.1,1.0157,11.1,4.9588,1729542249,92049594548485.48,7.50925524335778e+20,1.0,123492168.0,221515920,5928,3993265,603979776,1032.0,15.6154,1032.0,"[107737, 109, 87, 9, 1, 2, 0, 0, 0, 2]",67627.0,2.4321622577881996,13.1832377422118,84.4245920194923
1729542295,866753,101741,35.009057,1.0,330.4091,4.3425,3.0111,1.0133,10.0,4.2979,1729542275,92049594548485.48,7.537530377491996e+20,1.0,110825744.0,213563024,6660,3993450,715472896,26.0,13.0,26.0,"[101654, 54, 20, 10, 0, 1, 0, 0, 0, 2]",67627.0,2.4321612730129987,10.567838726987002,81.29106713066925
1729542411,866754,98809,34.557797,1.0,448.5182,4.1097,3.0,1.0106,10.0,4.1502,1729542382,92049594548485.48,7.5573416541106e+20,1.0,104873100.0,209775808,6313,3993067,663355392,107.0,12.1163,107.0,"[98757, 38, 10, 1, 1, 0, 1, 0, 0, 1]",67627.0,2.362542152150296,9.753757847849705,80.50112532579834
1729544737,866755,114600,37.623044,1.0,800.0,5.4413,3.2927,1.0157,12.1154,6.5424,1729544708,92049594548485.48,7.33136415224535e+20,1.0,147125627.0,231969344,3851,3997936,560898048,2326.0,19.3684,2326.0,"[114505, 82, 11, 1, 0, 0, 0, 0, 0, 1]",67739.0,2.3625413264548283,17.005858673545173,87.80208315372035
1729544803,866756,111387,36.7647,1.0,800.0,5.1891,3.2,1.0157,11.6,6.4328,1729544767,92049594548485.48,7.392250378162657e+20,1.0,134365367.0,226747424,3840,3993752,891346944,59.0,15.0,59.0,"[111307, 57, 21, 1, 0, 0, 0, 0, 0, 1]",67739.0,2.3625405703860594,12.63745942961394,84.24972953075961
1729545025,866757,109473,35.960718,1.0,800.0,5.0419,3.2,1.0157,11.6,5.7059,1729545013,92049594548485.48,7.474355437188473e+20,1.0,128839058.0,222214656,6257,3993713,828309504,246.0,14.3308,246.0,"[109428, 31, 12, 1, 0, 0, 0, 0, 0, 1]",67877.0,2.362539878072723,11.968260121927276,83.51424988086691
